INSERT INTO parts (part_id, description, part_type) VALUES
('11111111-1111-1111-1111-111111111111', 'Door', 'ASSEMBLY'),
('11111111-1111-1111-1111-111111111112', 'Doorknob', 'ASSEMBLY'),
('11111111-1111-1111-1111-111111111113', 'Screws', 'FASTENER'),
('11111111-1111-1111-1111-111111111114', 'Knob Handle', 'PURCHASED_PART'),
('11111111-1111-1111-1111-111111111115', 'Knob Shaft', 'MANUFACTURED_PART'),
('11111111-1111-1111-1111-111111111116', 'Steel Blank', 'RAW_MATERIAL'),
('11111111-1111-1111-1111-111111111117', 'Door Panel', 'MANUFACTURED_PART'),
('11111111-1111-1111-1111-111111111118', 'Wooden Board', 'RAW_MATERIAL'),
('11111111-1111-1111-1111-111111111119', 'Door Hinge', 'MANUFACTURED_PART'),
('22222222-2222-2222-2222-222222222221', 'Desk', 'ASSEMBLY'),
('22222222-2222-2222-2222-222222222222', 'Drawer', 'RAW_MATERIAL'),
('22222222-2222-2222-2222-222222222223', 'Desktop', 'MANUFACTURED_PART'),
('22222222-2222-2222-2222-222222222224', 'Table Legs', 'RAW_MATERIAL'),
('22222222-2222-2222-2222-222222222225', 'Drawer Pulls', 'PURCHASED_PART'),
('22222222-2222-2222-2222-222222222226', 'Bearings', 'PURCHASED_PART'),
('22222222-2222-2222-2222-222222222227', 'Drawer Slider', 'ASSEMBLY'),
('22222222-2222-2222-2222-222222222228', 'Drawer Panels', 'MANUFACTURED_PART'),
('22222222-2222-2222-2222-222222222229', 'Slider Rails', 'MANUFACTURED_PART');

-- One operation per part (except purchased parts, raw materials, and fasteners)
INSERT INTO operations (operation_id, part_id, workstation_type) VALUES
('a1111111-1111-1111-1111-111111111111', '11111111-1111-1111-1111-111111111111', 'MANUAL_ASSEMBLY'), -- assembly of door
('b1111111-1111-1111-1111-111111111111', '11111111-1111-1111-1111-111111111112', 'MANUAL_ASSEMBLY'), -- assembly of doorknob
('c1111111-1111-1111-1111-111111111111', '11111111-1111-1111-1111-111111111115', 'LATHE'), -- machining of knob shaft
('d1111111-1111-1111-1111-111111111111', '11111111-1111-1111-1111-111111111117', 'BANDSAW'), -- cutting of door panel
('e1111111-1111-1111-1111-111111111111', '11111111-1111-1111-1111-111111111119', 'ROUTER'), -- machining of door hinge
('f1111111-1111-1111-1111-111111111111', '22222222-2222-2222-2222-222222222221', 'MANUAL_ASSEMBLY'), -- assembly of desk
('aa111111-1111-1111-1111-111111111111', '22222222-2222-2222-2222-222222222222', 'MANUAL_ASSEMBLY'), -- assembly of drawer
('ab111111-1111-1111-1111-111111111111', '22222222-2222-2222-2222-222222222223', 'BANDSAW'), -- cutting of desk top
('ac111111-1111-1111-1111-111111111111', '22222222-2222-2222-2222-222222222224', 'BANDSAW'), -- cutting of desk legs
('ad111111-1111-1111-1111-111111111111', '22222222-2222-2222-2222-222222222227', 'MANUAL_ASSEMBLY'), -- assembly of drawer slider
('ae111111-1111-1111-1111-111111111111', '22222222-2222-2222-2222-222222222228', 'BANDSAW'), -- cutting of drawer panels
('af111111-1111-1111-1111-111111111111', '22222222-2222-2222-2222-222222222229', 'ROUTER'); -- shaping of slider rails

INSERT INTO bom_items (parent_part_id, child_part_id) VALUES
('11111111-1111-1111-1111-111111111111', '11111111-1111-1111-1111-111111111112'), -- door, doorknob
('11111111-1111-1111-1111-111111111111', '11111111-1111-1111-1111-111111111117'), -- door, door panel
('11111111-1111-1111-1111-111111111111', '11111111-1111-1111-1111-111111111119'), -- door, door hinge
('11111111-1111-1111-1111-111111111111', '11111111-1111-1111-1111-111111111113'), -- door, screws
('11111111-1111-1111-1111-111111111112', '11111111-1111-1111-1111-111111111113'), -- doorknob, screws
('11111111-1111-1111-1111-111111111112', '11111111-1111-1111-1111-111111111114'), -- doorknob, knob handle
('11111111-1111-1111-1111-111111111112', '11111111-1111-1111-1111-111111111115'), -- doorknob, knob shaft
('11111111-1111-1111-1111-111111111115', '11111111-1111-1111-1111-111111111116'), -- knob shaft, steel blank
('11111111-1111-1111-1111-111111111117', '11111111-1111-1111-1111-111111111118'), -- door panel, wooden board
('22222222-2222-2222-2222-222222222221', '22222222-2222-2222-2222-222222222222'), -- desk, drawer
('22222222-2222-2222-2222-222222222221', '22222222-2222-2222-2222-222222222223'), -- desk, desktop
('22222222-2222-2222-2222-222222222221', '22222222-2222-2222-2222-222222222224'), -- desk, legs
('22222222-2222-2222-2222-222222222221', '11111111-1111-1111-1111-111111111113'), -- desk, screws
('22222222-2222-2222-2222-222222222222', '22222222-2222-2222-2222-222222222225'), -- drawer, drawer pulls
('22222222-2222-2222-2222-222222222222', '22222222-2222-2222-2222-222222222228'), -- drawer, drawer panels
('22222222-2222-2222-2222-222222222222', '11111111-1111-1111-1111-111111111113'), -- drawer, screws
('22222222-2222-2222-2222-222222222222', '22222222-2222-2222-2222-222222222227'), -- drawer, drawer slider
('22222222-2222-2222-2222-222222222227', '11111111-1111-1111-1111-111111111113'), -- drawer slider, screws
('22222222-2222-2222-2222-222222222227', '22222222-2222-2222-2222-222222222226'), -- drawer slider, bearings
('22222222-2222-2222-2222-222222222227', '22222222-2222-2222-2222-222222222229'), -- drawer slider, slider rails
('22222222-2222-2222-2222-222222222223', '11111111-1111-1111-1111-111111111118'), -- desktop, wooden board
('22222222-2222-2222-2222-222222222224', '11111111-1111-1111-1111-111111111118'); -- table legs, wooden board


INSERT INTO work_orders (wo_id, part_id, status, parent_wo_id) VALUES
-- Door and its children
('00000000-0000-0000-0000-000000000001', '11111111-1111-1111-1111-111111111111', 'OPEN', NULL), -- Door
('00000000-0000-0000-0000-000000000002', '11111111-1111-1111-1111-111111111112', 'OPEN', '00000000-0000-0000-0000-000000000001'), -- Doorknob
('00000000-0000-0000-0000-000000000003', '11111111-1111-1111-1111-111111111117', 'OPEN', '00000000-0000-0000-0000-000000000001'), -- Door Panel
('00000000-0000-0000-0000-000000000004', '11111111-1111-1111-1111-111111111115', 'CLOSED', '00000000-0000-0000-0000-000000000002'), -- Knob Shaft
('00000000-0000-0000-0000-000000000005', '11111111-1111-1111-1111-111111111119', 'OPEN',  '00000000-0000-0000-0000-000000000001'), -- Door Hinge

('00000000-0000-0000-0000-000000000201', '11111111-1111-1111-1111-111111111111', 'OPEN', NULL), -- Door
('00000000-0000-0000-0000-000000000202', '11111111-1111-1111-1111-111111111112', 'OPEN', '00000000-0000-0000-0000-000000000201'), -- Doorknob
('00000000-0000-0000-0000-000000000203', '11111111-1111-1111-1111-111111111117', 'OPEN', '00000000-0000-0000-0000-000000000201'), -- Door Panel
('00000000-0000-0000-0000-000000000204', '11111111-1111-1111-1111-111111111115', 'OPEN', '00000000-0000-0000-0000-000000000202'), -- Knob Shaft
('00000000-0000-0000-0000-000000000205', '11111111-1111-1111-1111-111111111119', 'OPEN',  '00000000-0000-0000-0000-000000000201'), -- Door Hinge

('00000000-0000-0000-0000-000000000301', '11111111-1111-1111-1111-111111111111', 'OPEN', NULL), -- Door
('00000000-0000-0000-0000-000000000302', '11111111-1111-1111-1111-111111111112', 'CLOSED', '00000000-0000-0000-0000-000000000301'), -- Doorknob
('00000000-0000-0000-0000-000000000303', '11111111-1111-1111-1111-111111111117', 'OPEN', '00000000-0000-0000-0000-000000000301'), -- Door Panel
('00000000-0000-0000-0000-000000000304', '11111111-1111-1111-1111-111111111115', 'CLOSED', '00000000-0000-0000-0000-000000000302'), -- Knob Shaft
('00000000-0000-0000-0000-000000000305', '11111111-1111-1111-1111-111111111119', 'CLOSED',  '00000000-0000-0000-0000-000000000301'), -- Door Hinge

-- Desk and its children
('00000000-0000-0000-0000-000000000101', '22222222-2222-2222-2222-222222222221', 'OPEN',  NULL), -- Desk
('00000000-0000-0000-0000-000000000102', '22222222-2222-2222-2222-222222222222', 'OPEN',  '00000000-0000-0000-0000-000000000101'), -- Drawer
('00000000-0000-0000-0000-000000000103', '22222222-2222-2222-2222-222222222223', 'OPEN', '00000000-0000-0000-0000-000000000101'), -- Desktop
('00000000-0000-0000-0000-000000000104', '22222222-2222-2222-2222-222222222224', 'OPEN',  '00000000-0000-0000-0000-000000000101'), -- Legs
('00000000-0000-0000-0000-000000000105', '22222222-2222-2222-2222-222222222228', 'OPEN',   '00000000-0000-0000-0000-000000000102'), -- Drawer Panels
('00000000-0000-0000-0000-000000000106', '22222222-2222-2222-2222-222222222227', 'OPEN', '00000000-0000-0000-0000-000000000102'), -- Drawer Slider
('00000000-0000-0000-0000-000000000107', '22222222-2222-2222-2222-222222222229', 'OPEN',  '00000000-0000-0000-0000-000000000106'), -- Slider Rails

('00000000-0000-0000-0000-000000000401', '22222222-2222-2222-2222-222222222221', 'OPEN',  NULL), -- Desk
('00000000-0000-0000-0000-000000000402', '22222222-2222-2222-2222-222222222222', 'OPEN',  '00000000-0000-0000-0000-000000000401'), -- Drawer
('00000000-0000-0000-0000-000000000403', '22222222-2222-2222-2222-222222222223', 'OPEN', '00000000-0000-0000-0000-000000000401'), -- Desktop
('00000000-0000-0000-0000-000000000404', '22222222-2222-2222-2222-222222222224', 'OPEN',  '00000000-0000-0000-0000-000000000401'), -- Legs
('00000000-0000-0000-0000-000000000405', '22222222-2222-2222-2222-222222222228', 'CLOSED',   '00000000-0000-0000-0000-000000000402'), -- Drawer Panels
('00000000-0000-0000-0000-000000000406', '22222222-2222-2222-2222-222222222227', 'CLOSED', '00000000-0000-0000-0000-000000000402'), -- Drawer Slider
('00000000-0000-0000-0000-000000000407', '22222222-2222-2222-2222-222222222229', 'CLOSED',  '00000000-0000-0000-0000-000000000406'), -- Slider Rails

('00000000-0000-0000-0000-000000000501', '22222222-2222-2222-2222-222222222221', 'OPEN',  NULL), -- Desk
('00000000-0000-0000-0000-000000000502', '22222222-2222-2222-2222-222222222222', 'OPEN',  '00000000-0000-0000-0000-000000000501'), -- Drawer
('00000000-0000-0000-0000-000000000503', '22222222-2222-2222-2222-222222222223', 'CLOSED', '00000000-0000-0000-0000-000000000501'), -- Desktop
('00000000-0000-0000-0000-000000000504', '22222222-2222-2222-2222-222222222224', 'CLOSED',  '00000000-0000-0000-0000-000000000501'), -- Legs
('00000000-0000-0000-0000-000000000505', '22222222-2222-2222-2222-222222222228', 'CLOSED',   '00000000-0000-0000-0000-000000000502'), -- Drawer Panels
('00000000-0000-0000-0000-000000000506', '22222222-2222-2222-2222-222222222227', 'OPEN', '00000000-0000-0000-0000-000000000502'), -- Drawer Slider
('00000000-0000-0000-0000-000000000507', '22222222-2222-2222-2222-222222222229', 'OPEN',  '00000000-0000-0000-0000-000000000506'); -- Slider Rails

-- Workstations 
INSERT INTO workstation (station_id, name, type) VALUES
('00000000-0000-0000-0000-000000000901', 'Assembly-1', 'MANUAL_ASSEMBLY'),
('00000000-0000-0000-0000-000000000902', 'Bandsaw-1',  'BANDSAW'),
('00000000-0000-0000-0000-000000000903', 'Router-1',   'ROUTER'),
('00000000-0000-0000-0000-000000000904', 'Lathe-1',    'LATHE');

-- Workers assigned to workstations
INSERT INTO workers (worker_id, name, station_id) VALUES
('88888888-8888-8888-8888-888888888881', 'Alice Assembler', '00000000-0000-0000-0000-000000000901'),
('88888888-8888-8888-8888-888888888882', 'Bob Bandsaw',     '00000000-0000-0000-0000-000000000902'),
('88888888-8888-8888-8888-888888888883', 'Rachael Router',    '00000000-0000-0000-0000-000000000903'),
('88888888-8888-8888-8888-888888888884', 'Larry Lathe',      '00000000-0000-0000-0000-000000000904');

-- Completions for already CLOSED work orders
INSERT INTO completions (completion_id, wo_id, worker_id, station_id, completion_time) VALUES
('00000000-0000-0000-0000-000000009001', '00000000-0000-0000-0000-000000000004', '88888888-8888-8888-8888-888888888884', '00000000-0000-0000-0000-000000000904', '2025-09-01 08:30:00'), -- Knob Shaft (LATHE)
('00000000-0000-0000-0000-000000009002', '00000000-0000-0000-0000-000000000302', '88888888-8888-8888-8888-888888888881', '00000000-0000-0000-0000-000000000901', '2025-09-01 09:45:00'), -- Doorknob (MANUAL_ASSEMBLY)
('00000000-0000-0000-0000-000000009003', '00000000-0000-0000-0000-000000000304', '88888888-8888-8888-8888-888888888884', '00000000-0000-0000-0000-000000000904', '2025-09-01 10:15:00'), -- Knob Shaft (LATHE)
('00000000-0000-0000-0000-000000009004', '00000000-0000-0000-0000-000000000305', '88888888-8888-8888-8888-888888888883', '00000000-0000-0000-0000-000000000903', '2025-09-01 11:00:00'), -- Door Hinge (ROUTER)
('00000000-0000-0000-0000-000000009005', '00000000-0000-0000-0000-000000000405', '88888888-8888-8888-8888-888888888882', '00000000-0000-0000-0000-000000000902', '2025-09-02 08:00:00'), -- Drawer Panels (BANDSAW)
('00000000-0000-0000-0000-000000009006', '00000000-0000-0000-0000-000000000406', '88888888-8888-8888-8888-888888888881', '00000000-0000-0000-0000-000000000901', '2025-09-02 09:00:00'), -- Drawer Slider (MANUAL_ASSEMBLY)
('00000000-0000-0000-0000-000000009007', '00000000-0000-0000-0000-000000000407', '88888888-8888-8888-8888-888888888883', '00000000-0000-0000-0000-000000000903', '2025-09-02 09:30:00'), -- Slider Rails (ROUTER)
('00000000-0000-0000-0000-000000009008', '00000000-0000-0000-0000-000000000503', '88888888-8888-8888-8888-888888888882', '00000000-0000-0000-0000-000000000902', '2025-09-03 08:05:00'), -- Desktop (BANDSAW)
('00000000-0000-0000-0000-000000009009', '00000000-0000-0000-0000-000000000504', '88888888-8888-8888-8888-888888888882', '00000000-0000-0000-0000-000000000902', '2025-09-03 08:35:00'), -- Legs (BANDSAW)
('00000000-0000-0000-0000-000000009010', '00000000-0000-0000-0000-000000000505', '88888888-8888-8888-8888-888888888882', '00000000-0000-0000-0000-000000000902', '2025-09-03 09:10:00'); -- Drawer Panels (BANDSAW)