INSERT INTO parts (part_id, description, part_type) VALUES
('11111111-1111-1111-1111-111111111111', 'Door', 'ASSEMBLY'),
('11111111-1111-1111-1111-111111111112', 'Doorknob', 'ASSEMBLY'),
('11111111-1111-1111-1111-111111111113', 'Screws', 'FASTENER'),
('11111111-1111-1111-1111-111111111114', 'Knob Handle', 'PURCHASED_PART'),
('11111111-1111-1111-1111-111111111115', 'Knob Shaft', 'MANUFACTURED_PART'),
('11111111-1111-1111-1111-111111111116', 'Steel Blank', 'RAW_MATERIAL'),
('11111111-1111-1111-1111-111111111117', 'Door Panel', 'MANUFACTURED_PART'),
('11111111-1111-1111-1111-111111111118', 'Wooden Board', 'RAW_MATERIAL'),
('11111111-1111-1111-1111-111111111119', 'Door Hinge', 'MANUFACTURED_PART'),
('22222222-2222-2222-2222-222222222221', 'Desk', 'ASSEMBLY'),
('22222222-2222-2222-2222-222222222222', 'Drawer', 'RAW_MATERIAL'),
('22222222-2222-2222-2222-222222222223', 'Desktop', 'MANUFACTURED_PART'),
('22222222-2222-2222-2222-222222222224', 'Table Legs', 'RAW_MATERIAL'),
('22222222-2222-2222-2222-222222222225', 'Drawer Pulls', 'PURCHASED_PART'),
('22222222-2222-2222-2222-222222222226', 'Bearings', 'PURCHASED_PART'),
('22222222-2222-2222-2222-222222222227', 'Drawer Slider', 'ASSEMBLY'),
('22222222-2222-2222-2222-222222222228', 'Drawer Panels', 'MANUFACTURED_PART'),
('22222222-2222-2222-2222-222222222229', 'Slider Rails', 'MANUFACTURED_PART');

-- One operation per part (except purchased parts, raw materials, and fasteners)
INSERT INTO operations (operation_id, part_id, workstation_type) VALUES
('a1111111-1111-1111-1111-111111111111', '11111111-1111-1111-1111-111111111111', 'MANUAL_ASSEMBLY'), -- assembly of door
('b1111111-1111-1111-1111-111111111111', '11111111-1111-1111-1111-111111111112', 'MANUAL_ASSEMBLY'), -- assembly of doorknob
('c1111111-1111-1111-1111-111111111111', '11111111-1111-1111-1111-111111111115', 'LATHE'), -- machining of knob shaft
('d1111111-1111-1111-1111-111111111111', '11111111-1111-1111-1111-111111111117', 'BANDSAW'), -- cutting of door panel
('e1111111-1111-1111-1111-111111111111', '11111111-1111-1111-1111-111111111119', 'ROUTER'), -- machining of door hinge
('f1111111-1111-1111-1111-111111111111', '22222222-2222-2222-2222-222222222221', 'MANUAL_ASSEMBLY'), -- assembly of desk
('61111111-1111-1111-1111-111111111111', '22222222-2222-2222-2222-222222222223', 'BANDSAW'), -- cutting of desk top
('71111111-1111-1111-1111-111111111111', '22222222-2222-2222-2222-222222222224', 'BANDSAW'), -- cutting of desk legs
('81111111-1111-1111-1111-111111111111', '22222222-2222-2222-2222-222222222227', 'MANUAL_ASSEMBLY'), -- assembly of drawer slider
('91111111-1111-1111-1111-111111111111', '22222222-2222-2222-2222-222222222228', 'BANDSAW'), -- cutting of drawer panels
('01111111-1111-1111-1111-111111111111', '22222222-2222-2222-2222-222222222229', 'ROUTER'); -- shaping of slider rails

INSERT INTO bom_items (parent_part_id, child_part_id) VALUES
('11111111-1111-1111-1111-111111111111', '11111111-1111-1111-1111-111111111112'), -- door, doorknob
('11111111-1111-1111-1111-111111111111', '11111111-1111-1111-1111-111111111117'), -- door, door panel
('11111111-1111-1111-1111-111111111111', '11111111-1111-1111-1111-111111111119'), -- door, door hinge
('11111111-1111-1111-1111-111111111112', '11111111-1111-1111-1111-111111111113'), -- doorknob, screws
('11111111-1111-1111-1111-111111111112', '11111111-1111-1111-1111-111111111114'), -- doorknob, knob handle
('11111111-1111-1111-1111-111111111112', '11111111-1111-1111-1111-111111111115'), -- doorknob, knob shaft
('11111111-1111-1111-1111-111111111115', '11111111-1111-1111-1111-111111111116'), -- knob shaft, steel blank
('11111111-1111-1111-1111-111111111117', '11111111-1111-1111-1111-111111111118'), -- door panel, wooden board
('22222222-2222-2222-2222-222222222221', '22222222-2222-2222-2222-222222222222'), -- desk, drawer
('22222222-2222-2222-2222-222222222221', '22222222-2222-2222-2222-222222222223'), -- desk, desktop
('22222222-2222-2222-2222-222222222221', '22222222-2222-2222-2222-222222222224'), -- desk, legs
('22222222-2222-2222-2222-222222222221', '11111111-1111-1111-1111-111111111113'), -- desk, screws
('22222222-2222-2222-2222-222222222222', '22222222-2222-2222-2222-222222222225'), -- drawer, drawer pulls
('22222222-2222-2222-2222-222222222222', '22222222-2222-2222-2222-222222222228'), -- drawer, drawer panels
('22222222-2222-2222-2222-222222222222', '11111111-1111-1111-1111-111111111113'), -- drawer, screws
('22222222-2222-2222-2222-222222222222', '22222222-2222-2222-2222-222222222227'), -- drawer, drawer slider
('22222222-2222-2222-2222-222222222227', '11111111-1111-1111-1111-111111111113'), -- drawer slider, screws
('22222222-2222-2222-2222-222222222227', '22222222-2222-2222-2222-222222222226'), -- drawer slider, bearings
('22222222-2222-2222-2222-222222222227', '22222222-2222-2222-2222-222222222229'), -- drawer slider, slider rails
('22222222-2222-2222-2222-222222222223', '11111111-1111-1111-1111-111111111118'), -- desktop, wooden board
('22222222-2222-2222-2222-222222222224', '11111111-1111-1111-1111-111111111118'); -- table legs, wooden board
